"X","taxon","group"
1277,"Gigaspora rosea","Arbuscular_Mycorrhizal"
293,"Rhizophagus cerebriforme","Arbuscular_Mycorrhizal"
339,"Rhizophagus clarus","Arbuscular_Mycorrhizal"
447,"Rhizophagus diaphanus","Arbuscular_Mycorrhizal"
758,"Rhizophagus irregularis","Arbuscular_Mycorrhizal"
439,"Batrachochytrium dendrobatidis","cold_vertebrate_pathogen"
1299,"Batrachochytrium salamandrivorans","cold_vertebrate_pathogen"
853,"Acephala macrosclerotiorum","E_Mycorrhiza"
1286,"Amanita rubescens","E_Mycorrhiza"
348,"Boletus coccyginus","E_Mycorrhiza"
478,"Boletus edulis","E_Mycorrhiza"
92,"Cantharellus anzutake","E_Mycorrhiza"
612,"Cenococcum geophilum","E_Mycorrhiza"
1628,"Choiromyces venosus","E_Mycorrhiza"
147,"Cortinarius austrovenetus","E_Mycorrhiza"
622,"Cortinarius glaucopus","E_Mycorrhiza"
646,"Elaphomyces granulatus","E_Mycorrhiza"
822,"Gyrodon lividus","E_Mycorrhiza"
236,"Hebeloma brunneifolium","E_Mycorrhiza"
1292,"Hydnum rufescens","E_Mycorrhiza"
1490,"Hysterangium stoloniferum","E_Mycorrhiza"
551,"Jimgerdemannia flammicorona","E_Mycorrhiza"
785,"Jimgerdemannia lactiflua","E_Mycorrhiza"
1112,"Kalaharituber pfeilii","E_Mycorrhiza"
63,"Laccaria amethystina","E_Mycorrhiza"
170,"Laccaria bicolor","E_Mycorrhiza"
32,"Lactarius akahatsu","E_Mycorrhiza"
437,"Lactarius deliciosus","E_Mycorrhiza"
669,"Lactarius hatsudake","E_Mycorrhiza"
678,"Lactarius hengduanensis","E_Mycorrhiza"
735,"Lactarius indigo","E_Mycorrhiza"
1170,"Lactarius psammicola","E_Mycorrhiza"
1177,"Lactarius pseudohatsudake","E_Mycorrhiza"
1222,"Lactarius quietus","E_Mycorrhiza"
1302,"Lactarius sanguifluus","E_Mycorrhiza"
1662,"Lactarius vividus","E_Mycorrhiza"
279,"Leucangium carthusianum","E_Mycorrhiza"
230,"Melanogaster broomeianus","E_Mycorrhiza"
1618,"Meliniomyces variabilis","E_Mycorrhiza"
1023,"Multifurca ochricompacta","E_Mycorrhiza"
864,"Oidiodendron maius","E_Mycorrhiza"
19,"Paxillus adelphus","E_Mycorrhiza"
65,"Paxillus ammoniavirescens","E_Mycorrhiza"
756,"Paxillus involutus","E_Mycorrhiza"
244,"Piloderma byssinum","E_Mycorrhiza"
1034,"Piloderma olivaceum","E_Mycorrhiza"
1467,"Piloderma sphaerosporum","E_Mycorrhiza"
42,"Pisolithus albus","E_Mycorrhiza"
395,"Pisolithus croceorrhizus","E_Mycorrhiza"
876,"Pisolithus marmoratus","E_Mycorrhiza"
908,"Pisolithus microcarpus","E_Mycorrhiza"
1043,"Pisolithus orientalis","E_Mycorrhiza"
1553,"Pisolithus thermaeus","E_Mycorrhiza"
1566,"Pisolithus tinctorius","E_Mycorrhiza"
1284,"Ramaria rubella","E_Mycorrhiza"
1300,"Rhizopogon salebrosus","E_Mycorrhiza"
1640,"Rhizopogon vesiculosus","E_Mycorrhiza"
1647,"Rhizopogon vinicolor","E_Mycorrhiza"
1667,"Rhizopogon vulgaris","E_Mycorrhiza"
222,"Russula brevipes","E_Mycorrhiza"
357,"Russula compacta","E_Mycorrhiza"
460,"Russula dissimulans","E_Mycorrhiza"
471,"Russula earlei","E_Mycorrhiza"
494,"Russula emetica","E_Mycorrhiza"
1024,"Russula ochroleuca","E_Mycorrhiza"
1295,"Russula rugulosa","E_Mycorrhiza"
1328,"Russula seminuda","E_Mycorrhiza"
1646,"Russula vinacea","E_Mycorrhiza"
338,"Scleroderma citrinum","E_Mycorrhiza"
1630,"Sebacina vermifera","E_Mycorrhiza"
1631,"Serendipita vermifera","E_Mycorrhiza"
956,"Sistotrema muscicola","E_Mycorrhiza"
235,"Sphaerosporella brunnea","E_Mycorrhiza"
62,"Suillus americanus","E_Mycorrhiza"
70,"Suillus ampliporus","E_Mycorrhiza"
209,"Suillus bovinus","E_Mycorrhiza"
223,"Suillus brevipes","E_Mycorrhiza"
345,"Suillus clintonianus","E_Mycorrhiza"
352,"Suillus collinitus","E_Mycorrhiza"
384,"Suillus cothurnatus","E_Mycorrhiza"
429,"Suillus decipiens","E_Mycorrhiza"
454,"Suillus discolor","E_Mycorrhiza"
482,"Suillus elbensis","E_Mycorrhiza"
597,"Suillus fuscotomentosus","E_Mycorrhiza"
692,"Suillus hirtellus","E_Mycorrhiza"
771,"Suillus kaibabensis","E_Mycorrhiza"
791,"Suillus lakei","E_Mycorrhiza"
844,"Suillus luteus","E_Mycorrhiza"
1018,"Suillus occidentalis","E_Mycorrhiza"
1022,"Suillus ochraceoroseus","E_Mycorrhiza"
1066,"Suillus paluster","E_Mycorrhiza"
1131,"Suillus placidus","E_Mycorrhiza"
1134,"Suillus plorans","E_Mycorrhiza"
1176,"Suillus pseudogranulatus","E_Mycorrhiza"
1202,"Suillus punctipes","E_Mycorrhiza"
1204,"Suillus pungens","E_Mycorrhiza"
1221,"Suillus quiescens","E_Mycorrhiza"
1473,"Suillus spraguei","E_Mycorrhiza"
1503,"Suillus subalutaceus","E_Mycorrhiza"
1504,"Suillus subaureus","E_Mycorrhiza"
1569,"Suillus tomentosus","E_Mycorrhiza"
1621,"Suillus variegatus","E_Mycorrhiza"
1656,"Suillus viscidus","E_Mycorrhiza"
1674,"Suillus weaverae","E_Mycorrhiza"
206,"Terfezia boudieri","E_Mycorrhiza"
342,"Terfezia claveryi","E_Mycorrhiza"
609,"Thelephora ganbajun","E_Mycorrhiza"
1545,"Thelephora terrestris","E_Mycorrhiza"
996,"Tirmania nivea","E_Mycorrhiza"
1154,"Tricholoma populinum","E_Mycorrhiza"
706,"Trichophaea hybrida","E_Mycorrhiza"
23,"Tuber aestivum","E_Mycorrhiza"
197,"Tuber borchii","E_Mycorrhiza"
231,"Tuber brumale","E_Mycorrhiza"
255,"Tuber canaliculatum","E_Mycorrhiza"
616,"Tuber gibbosum","E_Mycorrhiza"
733,"Tuber indicum","E_Mycorrhiza"
863,"Tuber magnatum","E_Mycorrhiza"
887,"Tuber melanosporum","E_Mycorrhiza"
894,"Tuber melosporum","E_Mycorrhiza"
901,"Tuber mesentericum","E_Mycorrhiza"
745,"Tulasnella inquilina","E_Mycorrhiza"
916,"Wilcoxina mikolae","E_Mycorrhiza"
153,"Xerocomus badius","E_Mycorrhiza"
1499,"Achaetomium strumarium","Endophyte"
1590,"Annulohypoxylon truncatum","Endophyte"
811,"Anthostomella leucospermi","Endophyte"
1306,"Ascocoryne sarcoides","Endophyte"
1256,"Atractiellales rhizophila","Endophyte"
653,"Ceraceosorus guamensis","Endophyte"
592,"Chaetomium funicola","Endophyte"
1688,"Cladophialophora yegresii","Endophyte"
1497,"Coccomyces strobi","Endophyte"
1117,"Colletotrichum phormii","Endophyte"
155,"Daldinia bambusicola","Endophyte"
824,"Daldinia loculata","Endophyte"
54,"Darksidea alpha","Endophyte"
545,"Hyaloscypha finlandica","Endophyte"
1620,"Hymenoscyphus varicosporoides","Endophyte"
937,"Hypoxylon monticulosum","Endophyte"
1144,"Hypoxylon polyporus","Endophyte"
879,"Kluyveromyces marxianus","Endophyte"
1118,"Lophodermium piceae","Endophyte"
1594,"Melanops tulasnei","Endophyte"
1264,"Metarhizium robertsii","Endophyte"
1580,"Microdochium trichocladiopsis","Endophyte"
912,"Microthyrium microscopicum","Endophyte"
500,"Mucor endophyticus","Endophyte"
1555,"Myceliophthora thermophila","Endophyte"
4,"Nemania abortiva","Endophyte"
449,"Nemania diffusa","Endophyte"
461,"Neonectria ditissima","Endophyte"
1093,"Oliveonia pauxilla","Endophyte"
311,"Paraphoma chrysanthemicola","Endophyte"
258,"Penicillium canescens","Endophyte"
1236,"Penicillium raistrickii","Endophyte"
1316,"Phialocephala scopiformis","Endophyte"
332,"Phyllosticta citribraziliensis","Endophyte"
149,"Pleospora avicennia","Endophyte"
631,"Rhodotorula glutinis","Endophyte"
643,"Rhodotorula graminis","Endophyte"
379,"Rosellinia corticium","Endophyte"
1543,"Rostrohypoxylon terebratum","Endophyte"
14,"Talaromyces aculeatus","Endophyte"
1167,"Talaromyces proteolyticus","Endophyte"
627,"Thelebolus globosus","Endophyte"
1546,"Thielavia terrestris","Endophyte"
1673,"Tilletiopsis washingtonensis","Endophyte"
127,"Trichoderma asperellum","Endophyte"
135,"Trichoderma atroviride","Endophyte"
219,"Trichoderma brevicompactum","Endophyte"
608,"Trichoderma gamsii","Endophyte"
1650,"Trichoderma virens","Endophyte"
496,"Verruculina enalia","Endophyte"
910,"Whalleya microplaca","Endophyte"
111,"Xylaria arbuscula","Endophyte"
156,"Xylaria bambusicola","Endophyte"
414,"Xylaria curta","Endophyte"
830,"Xylaria longipes","Endophyte"
1065,"Xylaria palmicola","Endophyte"
1538,"Xylaria telfairii","Endophyte"
686,"Xylona heveae","Endophyte"
1623,"Zalerion varium","Endophyte"
731,"Piriformospora indica","Endophyte-E_Mycorrhiza"
251,"Tulasnella calospora","Endophyte-E_Mycorrhiza"
1223,"Ampelomyces quisqualis","Endophyte-Fungal_Parasite"
591,"Capronia fungicola","Fungal_Parasite"
1168,"Caulochytrium protostelioides","Fungal_Parasite"
1126,"Chalciporus piperatus","Fungal_Parasite"
392,"Dimargaris cristalligena","Fungal_Parasite"
1675,"Escovopsis weberi","Fungal_Parasite"
1213,"Heterogastridium pycnidioideum","Fungal_Parasite"
1562,"Melanospora tiffanyae","Fungal_Parasite"
1320,"Naohidea sebacea","Fungal_Parasite"
1081,"Parasitella parasitica","Fungal_Parasite"
419,"Piptocephalis cylindrospora","Fungal_Parasite"
52,"Rozella allomycis","Fungal_Parasite"
600,"Spinellus fusiger","Fungal_Parasite"
595,"Syncephalis fuscata","Fungal_Parasite"
1135,"Syncephalis plumigaleata","Fungal_Parasite"
1179,"Syncephalis pseudoplumigaleata","Fungal_Parasite"
1466,"Thamnocephalis sphaerospora","Fungal_Parasite"
36,"Tilletiopsis albescens","Fungal_Parasite"
1037,"Tolypocladium ophioglossoides","Fungal_Parasite"
900,"Tremella mesenterica","Fungal_Parasite"
162,"Arthroderma benhamiae","Human_Pathogen"
50,"Aspergillus alliaceus","Human_Pathogen"
148,"Aspergillus avenaceus","Human_Pathogen"
193,"Aspergillus bombycis","Human_Pathogen"
211,"Aspergillus brasiliensis","Human_Pathogen"
248,"Aspergillus calidoustus","Human_Pathogen"
257,"Aspergillus candidus","Human_Pathogen"
305,"Aspergillus chevalieri","Human_Pathogen"
341,"Aspergillus clavatus","Human_Pathogen"
383,"Aspergillus costiformis","Human_Pathogen"
388,"Aspergillus creber","Human_Pathogen"
585,"Aspergillus fumigatiaffinis","Human_Pathogen"
689,"Aspergillus hiratsukae","Human_Pathogen"
749,"Aspergillus insuetus","Human_Pathogen"
807,"Aspergillus lentulus","Human_Pathogen"
1000,"Aspergillus nomius","Human_Pathogen"
1216,"Aspergillus quadrilineatus","Human_Pathogen"
1635,"Aspergillus versicolor","Human_Pathogen"
1676,"Aspergillus welwitschiae","Human_Pathogen"
1677,"Aspergillus wentii","Human_Pathogen"
159,"Beauveria bassiana","Human_Pathogen"
37,"Candida albicans","Human_Pathogen"
467,"Candida dubliniensis","Human_Pathogen"
1047,"Candida orthopsilosis","Human_Pathogen"
1537,"Candida tanzawaensis","Human_Pathogen"
1326,"Capronia semiimmersa","Human_Pathogen"
880,"Citeromyces matritensis","Human_Pathogen"
157,"Cladophialophora bantiana","Human_Pathogen"
840,"Clavispora lusitaniae","Human_Pathogen"
1244,"Cokeromyces recurvatus","Human_Pathogen"
71,"Cryptococcus amylolentus","Human_Pathogen"
416,"Cryptococcus curvatus","Human_Pathogen"
610,"Cryptococcus gattii","Human_Pathogen"
976,"Cryptococcus neoformans","Human_Pathogen"
522,"Cyberlindnera fabianii","Human_Pathogen"
762,"Cyberlindnera jadinii","Human_Pathogen"
517,"Cyphellophora europaea","Human_Pathogen"
1508,"Debaryomyces subglobosus","Human_Pathogen"
412,"Encephalitozoon cuniculi","Human_Pathogen"
675,"Encephalitozoon hellem","Human_Pathogen"
753,"Encephalitozoon intestinalis","Human_Pathogen"
1270,"Encephalitozoon romaleae","Human_Pathogen"
175,"Enterocytozoon bieneusi","Human_Pathogen"
43,"Exophiala alcalophila","Human_Pathogen"
102,"Exophiala aquamarina","Human_Pathogen"
1468,"Exophiala spinifera","Human_Pathogen"
1686,"Exophiala xenobiotica","Human_Pathogen"
505,"Fonsecaea erecta","Human_Pathogen"
935,"Fonsecaea monophora","Human_Pathogen"
949,"Fonsecaea multimorphosa","Human_Pathogen"
1010,"Fonsecaea nubica","Human_Pathogen"
1096,"Fonsecaea pedrosoi","Human_Pathogen"
1611,"Hanseniaspora uvarum","Human_Pathogen"
1678,"Hortaea werneckii","Human_Pathogen"
268,"Kuraishia capsulata","Human_Pathogen"
533,"Lachancea fermentati","Human_Pathogen"
705,"Lichtheimia hyalospora","Human_Pathogen"
1239,"Lichtheimia ramosa","Human_Pathogen"
492,"Lodderomyces elongisporus","Human_Pathogen"
1165,"Lomentospora prolificans","Human_Pathogen"
959,"Madurella mycetomatis","Human_Pathogen"
624,"Malassezia globosa","Human_Pathogen"
1059,"Malassezia pachydermatis","Human_Pathogen"
1528,"Malassezia sympodialis","Human_Pathogen"
1254,"Metschnikowia reukaufii","Human_Pathogen"
657,"Meyerozyma guilliermondii","Human_Pathogen"
260,"Microsporum canis","Human_Pathogen"
438,"Nakaseomyces delphensis","Human_Pathogen"
1622,"Paecilomyces variotii","Human_Pathogen"
213,"Paracoccidioides brasiliensis","Human_Pathogen"
845,"Paracoccidioides lutzii","Human_Pathogen"
210,"Penicillium brasilianum","Human_Pathogen"
369,"Penicillium coprophilum","Human_Pathogen"
431,"Penicillium decumbens","Human_Pathogen"
780,"Pichia kudriavzevii","Human_Pathogen"
701,"Piedraia hortae","Human_Pathogen"
274,"Pneumocystis carinii","Human_Pathogen"
766,"Pneumocystis jirovecii","Human_Pathogen"
702,"Pseudozyma hubeiensis","Human_Pathogen"
435,"Rhizopus delemar","Human_Pathogen"
944,"Rhodotorula mucilaginosa","Human_Pathogen"
1624,"Saksenaea vasiformis","Human_Pathogen"
95,"Scedosporium apiospermum","Human_Pathogen"
1230,"Schizophyllum radiatum","Human_Pathogen"
783,"Sporopachydermia lactativora","Human_Pathogen"
214,"Sporothrix brasiliensis","Human_Pathogen"
878,"Talaromyces marneffei","Human_Pathogen"
434,"Torulaspora delbrueckii","Human_Pathogen"
126,"Trichoderma asperelloides","Human_Pathogen"
750,"Trichophyton interdigitale","Human_Pathogen"
897,"Trichophyton mentagrophytes","Human_Pathogen"
1290,"Trichophyton rubrum","Human_Pathogen"
1571,"Trichophyton tonsurans","Human_Pathogen"
1633,"Trichophyton verrucosum","Human_Pathogen"
1649,"Trichophyton violaceum","Human_Pathogen"
125,"Trichosporon asahii","Human_Pathogen"
84,"Wickerhamomyces anomalus","Human_Pathogen"
676,"Zygoascus hellenicus","Human_Pathogen"
826,"Antonospora locustae","Insect_Pathogen"
899,"Basidiobolus meristosporus","Insect_Pathogen"
1560,"Conidiobolus thromboides","Insect_Pathogen"
917,"Cordyceps militaris","Insect_Pathogen"
22,"Edhazardia aedis","Insect_Pathogen"
10,"Metarhizium acridum","Insect_Pathogen"
79,"Metarhizium anisopliae","Insect_Pathogen"
174,"Metschnikowia bicuspidata","Insect_Pathogen"
425,"Mitosporidium daphniae","Insect_Pathogen"
468,"Myriangium duriaei","Insect_Pathogen"
97,"Nosema apis","Insect_Pathogen"
194,"Nosema bombycis","Insect_Pathogen"
290,"Nosema ceranae","Insect_Pathogen"
146,"Ophiocordyceps australis","Insect_Pathogen"
254,"Ophiocordyceps camponoti-rufipedis","Insect_Pathogen"
778,"Ophiocordyceps kimflemingae","Insect_Pathogen"
1347,"Ophiocordyceps sinensis","Insect_Pathogen"
1602,"Sporodiniella umbellata","Insect_Pathogen"
737,"Tolypocladium inflatum","Insect_Pathogen"
677,"Torrubiella hemipterigena","Insect_Pathogen"
408,"Vavraia culicis","Insect_Pathogen"
1541,"Candida tenuis","Insect_Symbiont"
633,"Leucoagaricus gongylophorus","Insect_Symbiont"
945,"Obelidium mucronatum","Insect_Symbiont"
779,"Symbiotaphrina kochii","Insect_Symbiont"
1526,"Aspergillus sydowii","Invertebrate_pathogen"
680,"Enterocytozoon hepatopenaei","Invertebrate_pathogen"
256,"Enterospora canceri","Invertebrate_pathogen"
508,"Hepatospora eriocheir","Invertebrate_pathogen"
1494,"Acarospora strigata","Lichenized"
648,"Cladonia grayi","Lichenized"
154,"Dibaeis baeomyces","Lichenized"
1064,"Endocarpon pallidulum","Lichenized"
1209,"Endocarpon pusillum","Lichenized"
1214,"Geosiphon pyriformis","Lichenized"
1318,"Graphis scripta","Lichenized"
1196,"Lobaria pulmonaria","Lichenized"
1303,"Sclerophora sanguinea","Lichenized"
561,"Usnea florida","Lichenized"
1652,"Viridothelium virens","Lichenized"
1083,"Xanthoria parietina","Lichenized"
176,"Abortiporus biennis","Plant_Pathogen"
1095,"Agrocybe pediades","Plant_Pathogen"
109,"Alternaria arborescens","Plant_Pathogen"
215,"Alternaria brassicicola","Plant_Pathogen"
266,"Alternaria capsici","Plant_Pathogen"
278,"Alternaria carthami","Plant_Pathogen"
330,"Alternaria citriarbusti","Plant_Pathogen"
385,"Alternaria crassa","Plant_Pathogen"
427,"Alternaria dauci","Plant_Pathogen"
601,"Alternaria gaisen","Plant_Pathogen"
817,"Alternaria limoniasperae","Plant_Pathogen"
855,"Alternaria macrospora","Plant_Pathogen"
866,"Alternaria mali","Plant_Pathogen"
1155,"Alternaria porri","Plant_Pathogen"
1274,"Alternaria rosae","Plant_Pathogen"
1351,"Alternaria solani","Plant_Pathogen"
1534,"Alternaria tangelonis","Plant_Pathogen"
1568,"Alternaria tomatophila","Plant_Pathogen"
303,"Amylostereum chailletii","Plant_Pathogen"
1500,"Annulohypoxylon stygium","Plant_Pathogen"
1333,"Antrodia serialis","Plant_Pathogen"
588,"Armillaria fumosa","Plant_Pathogen"
1003,"Armillaria novae-zelandiae","Plant_Pathogen"
1529,"Armillaria tabescens","Plant_Pathogen"
1224,"Ascochyta rabiei","Plant_Pathogen"
13,"Aspergillus aculeatus","Plant_Pathogen"
107,"Aspergillus arachidicola","Plant_Pathogen"
554,"Aspergillus flavipes","Plant_Pathogen"
623,"Aspergillus glaucus","Plant_Pathogen"
920,"Aspergillus minisclerotigenes","Plant_Pathogen"
1048,"Aspergillus oryzae","Plant_Pathogen"
1082,"Aspergillus parasiticus","Plant_Pathogen"
1253,"Aspergillus restrictus","Plant_Pathogen"
1125,"Atropellis piniphila","Plant_Pathogen"
871,"Biscogniauxia marginata","Plant_Pathogen"
884,"Biscogniauxia mediterranea","Plant_Pathogen"
21,"Bjerkandera adusta","Plant_Pathogen"
640,"Blumeria graminis","Plant_Pathogen"
464,"Botryosphaeria dothidea","Plant_Pathogen"
321,"Botrytis cinerea","Plant_Pathogen"
524,"Bretziella fagacearum","Plant_Pathogen"
327,"Byssothecium circinans","Plant_Pathogen"
1041,"Caliciopsis orientalis","Plant_Pathogen"
1189,"Calosphaeria pulchella","Plant_Pathogen"
165,"Cercospora berteroae","Plant_Pathogen"
1689,"Cercospora zeae-maydis","Plant_Pathogen"
1608,"Cerrena unicolor","Plant_Pathogen"
405,"Choanephora cucurbitarum","Plant_Pathogen"
584,"Cladosporium fulvum","Plant_Pathogen"
1207,"Claviceps purpurea","Plant_Pathogen"
272,"Cochliobolus carbonum","Plant_Pathogen"
683,"Cochliobolus heterostrophus","Plant_Pathogen"
930,"Cochliobolus miyabeanus","Plant_Pathogen"
1307,"Cochliobolus sativus","Plant_Pathogen"
1645,"Cochliobolus victoriae","Plant_Pathogen"
5,"Colletotrichum abscissum","Plant_Pathogen"
285,"Colletotrichum caudatum","Plant_Pathogen"
292,"Colletotrichum cereale","Plant_Pathogen"
310,"Colletotrichum chlorophyti","Plant_Pathogen"
382,"Colletotrichum costaricense","Plant_Pathogen"
418,"Colletotrichum cuscutae","Plant_Pathogen"
506,"Colletotrichum eremochloae","Plant_Pathogen"
526,"Colletotrichum falcatum","Plant_Pathogen"
632,"Colletotrichum godetiae","Plant_Pathogen"
638,"Colletotrichum graminicola","Plant_Pathogen"
687,"Colletotrichum higginsianum","Plant_Pathogen"
727,"Colletotrichum incanum","Plant_Pathogen"
838,"Colletotrichum lupini","Plant_Pathogen"
893,"Colletotrichum melonis","Plant_Pathogen"
967,"Colletotrichum navitas","Plant_Pathogen"
1016,"Colletotrichum nymphaeae","Plant_Pathogen"
1040,"Colletotrichum orchidophilum","Plant_Pathogen"
1075,"Colletotrichum paranaense","Plant_Pathogen"
1344,"Colletotrichum simmondsii","Plant_Pathogen"
1356,"Colletotrichum somersetensis","Plant_Pathogen"
1513,"Colletotrichum sublineola","Plant_Pathogen"
1533,"Colletotrichum tamarilloi","Plant_Pathogen"
1567,"Colletotrichum tofieldiae","Plant_Pathogen"
1692,"Colletotrichum zoysiae","Plant_Pathogen"
1357,"Cristinia sonorae","Plant_Pathogen"
1220,"Cronartium quercuum","Plant_Pathogen"
1080,"Cryphonectria parasitica","Plant_Pathogen"
1151,"Cryptodiaporthe populea","Plant_Pathogen"
163,"Cucurbitaria berberidis","Plant_Pathogen"
1029,"Cylindrocarpon olidum","Plant_Pathogen"
317,"Cytospora chrysosperma","Plant_Pathogen"
1498,"Delphinella strobiligena","Plant_Pathogen"
965,"Dendryphion nanum","Plant_Pathogen"
67,"Diaporthe ampelina","Plant_Pathogen"
1690,"Didymella zeae-maydis","Plant_Pathogen"
1334,"Diplodia seriata","Plant_Pathogen"
1329,"Dothistroma septosporum","Plant_Pathogen"
68,"Elsinoe ampelina","Plant_Pathogen"
432,"Elytroderma deformans","Plant_Pathogen"
868,"Entoleuca mammata","Plant_Pathogen"
421,"Eremothecium cymbalariae","Plant_Pathogen"
634,"Eremothecium gossypii","Plant_Pathogen"
968,"Erysiphe necator","Plant_Pathogen"
1129,"Erysiphe pisi","Plant_Pathogen"
1192,"Erysiphe pulchra","Plant_Pathogen"
1289,"Eurotium rubrum","Plant_Pathogen"
800,"Eutypa lata","Plant_Pathogen"
861,"Exobasidium maculosum","Plant_Pathogen"
1612,"Exobasidium vaccinii","Plant_Pathogen"
679,"Fistulina hepatica","Plant_Pathogen"
568,"Fomes fomentarius","Plant_Pathogen"
354,"Fusarium commune","Plant_Pathogen"
410,"Fusarium culmorum","Plant_Pathogen"
579,"Fusarium fujikuroi","Plant_Pathogen"
637,"Fusarium graminearum","Plant_Pathogen"
869,"Fusarium mangiferae","Plant_Pathogen"
1136,"Fusarium poae","Plant_Pathogen"
1175,"Fusarium pseudograminearum","Plant_Pathogen"
1581,"Fusarium tricinctum","Plant_Pathogen"
641,"Gaeumannomyces graminis","Plant_Pathogen"
1105,"Gilbertella persicaria","Plant_Pathogen"
320,"Golovinomyces cichoracearum","Plant_Pathogen"
1046,"Golovinomyces orontii","Plant_Pathogen"
1,"Gremmeniella abietina","Plant_Pathogen"
343,"Grosmannia clavigera","Plant_Pathogen"
370,"Hericium coralloides","Plant_Pathogen"
80,"Heterobasidion annosum","Plant_Pathogen"
707,"Heterodoassansia hygrophilae","Plant_Pathogen"
1265,"Ilyonectria robusta","Plant_Pathogen"
171,"Laxitextum bicolor","Plant_Pathogen"
859,"Leptosphaeria maculans","Plant_Pathogen"
1050,"Magnaporthe oryzae","Plant_Pathogen"
1137,"Magnaporthiopsis poae","Plant_Pathogen"
233,"Marssonina brunnea","Plant_Pathogen"
51,"Melampsora allii-populina","Plant_Pathogen"
60,"Melampsora americana","Plant_Pathogen"
799,"Melampsora larici-populina","Plant_Pathogen"
820,"Melampsora lini","Plant_Pathogen"
886,"Melampsora medusae","Plant_Pathogen"
1685,"Melampsora x","Plant_Pathogen"
499,"Melanotaenium endogenum","Plant_Pathogen"
751,"Microbotryum intermedium","Plant_Pathogen"
847,"Microbotryum lychnidis-dioicae","Plant_Pathogen"
188,"Microdochium bolleyi","Plant_Pathogen"
91,"Moesziomyces antarcticus","Plant_Pathogen"
94,"Moesziomyces aphidis","Plant_Pathogen"
1208,"Monascus purpureus","Plant_Pathogen"
1285,"Monascus ruber","Plant_Pathogen"
1104,"Moniliophthora perniciosa","Plant_Pathogen"
1272,"Moniliophthora roreri","Plant_Pathogen"
486,"Mutinus elegans","Plant_Pathogen"
639,"Mycosphaerella graminicola","Plant_Pathogen"
195,"Neocosmospora boninensis","Plant_Pathogen"
1089,"Neofusicoccum parvum","Plant_Pathogen"
1263,"Obba rivulosa","Plant_Pathogen"
202,"Olpidium bornovanus","Plant_Pathogen"
1006,"Ophiostoma novo-ulmi","Plant_Pathogen"
1119,"Ophiostoma piceae","Plant_Pathogen"
1121,"Ophiostoma piliferum","Plant_Pathogen"
998,"Paecilomyces niveus","Plant_Pathogen"
1146,"Parauncinula polyspora","Plant_Pathogen"
314,"Penicillium chrysogenum","Plant_Pathogen"
451,"Penicillium digitatum","Plant_Pathogen"
521,"Penicillium expansum","Plant_Pathogen"
573,"Penicillium freii","Plant_Pathogen"
620,"Penicillium glabrum","Plant_Pathogen"
761,"Penicillium italicum","Plant_Pathogen"
1057,"Penicillium oxalicum","Plant_Pathogen"
1141,"Penicillium polonicum","Plant_Pathogen"
1355,"Penicillium solitum","Plant_Pathogen"
537,"Pestalotiopsis fici","Plant_Pathogen"
45,"Phaeoacremonium aleophilum","Plant_Pathogen"
307,"Phaeomoniella chlamydospora","Plant_Pathogen"
1138,"Phaeosphaeria poagena","Plant_Pathogen"
1060,"Phakopsora pachyrhizi","Plant_Pathogen"
717,"Phellinus igniarius","Plant_Pathogen"
1009,"Phellinus noxius","Plant_Pathogen"
225,"Phlebia brevispora","Plant_Pathogen"
951,"Phoma multirostrata","Plant_Pathogen"
1576,"Phoma tracheiphila","Plant_Pathogen"
331,"Phyllosticta citriasiana","Plant_Pathogen"
333,"Phyllosticta citricarpa","Plant_Pathogen"
334,"Phyllosticta citrichinaensis","Plant_Pathogen"
1071,"Phyllosticta paracitricarpa","Plant_Pathogen"
896,"Pichia membranifaciens","Plant_Pathogen"
329,"Polychaeton citri","Plant_Pathogen"
315,"Porodaedalea chrysoloma","Plant_Pathogen"
744,"Protomyces inouyei","Plant_Pathogen"
954,"Pseudocercospora musae","Plant_Pathogen"
979,"Pseudoidium neolycopersici","Plant_Pathogen"
708,"Pseudovirgaria hyperparasitica","Plant_Pathogen"
377,"Puccinia coronata","Plant_Pathogen"
642,"Puccinia graminis","Plant_Pathogen"
1496,"Puccinia striiformis","Plant_Pathogen"
1586,"Puccinia triticina","Plant_Pathogen"
848,"Pyrenochaeta lycopersici","Plant_Pathogen"
1544,"Pyrenophora teres","Plant_Pathogen"
173,"Resinicium bicolor","Plant_Pathogen"
1017,"Rhamphospora nymphaeae","Plant_Pathogen"
1604,"Rhizina undulata","Plant_Pathogen"
1353,"Rhizoctonia solani","Plant_Pathogen"
31,"Rhynchosporium agropyri","Plant_Pathogen"
1321,"Rhynchosporium secalis","Plant_Pathogen"
1293,"Rhytidhysteron rufulum","Plant_Pathogen"
536,"Rickenella fibula","Plant_Pathogen"
969,"Rosellinia necatrix","Plant_Pathogen"
1493,"Sarocladium strictum","Plant_Pathogen"
200,"Sclerotinia borealis","Plant_Pathogen"
1315,"Sclerotinia sclerotiorum","Plant_Pathogen"
782,"Serpula lacrymans","Plant_Pathogen"
697,"Setomelanomma holmii","Plant_Pathogen"
1596,"Setosphaeria turcica","Plant_Pathogen"
1235,"Sistotrema raduloides","Plant_Pathogen"
803,"Sparassis latifolia","Plant_Pathogen"
1248,"Sporisorium reilianum","Plant_Pathogen"
999,"Stagonospora nodorum","Plant_Pathogen"
849,"Stemphylium lycopersici","Plant_Pathogen"
1225,"Syncephalastrum racemosum","Plant_Pathogen"
433,"Taphrina deformans","Plant_Pathogen"
1152,"Taphrina populi-salicis","Plant_Pathogen"
1011,"Teratosphaeria nubilosa","Plant_Pathogen"
422,"Testicularia cyperi","Plant_Pathogen"
273,"Tilletia caries","Plant_Pathogen"
367,"Tilletia controversa","Plant_Pathogen"
732,"Tilletia indica","Plant_Pathogen"
1672,"Tilletia walkeri","Plant_Pathogen"
82,"Tilletiaria anomala","Plant_Pathogen"
882,"Trametes maxima","Plant_Pathogen"
905,"Trametes meyenii","Plant_Pathogen"
1133,"Trichoderma pleuroti","Plant_Pathogen"
1020,"Urocystis occulta","Plant_Pathogen"
1161,"Urocystis primulicola","Plant_Pathogen"
619,"Ustanciosporium gigantosporum","Plant_Pathogen"
1651,"Ustilaginoidea virens","Plant_Pathogen"
700,"Ustilago hordei","Plant_Pathogen"
883,"Ustilago maydis","Plant_Pathogen"
867,"Valsa mali","Plant_Pathogen"
479,"Venturia effusa","Plant_Pathogen"
726,"Venturia inaequalis","Plant_Pathogen"
1128,"Venturia pirina","Plant_Pathogen"
47,"Verticillium alfalfae","Plant_Pathogen"
423,"Verticillium dahliae","Plant_Pathogen"
831,"Verticillium longisporum","Plant_Pathogen"
1068,"Violaceomyces palustris","Plant_Pathogen"
1663,"Volvariella volvacea","Plant_Pathogen"
349,"Wolfiporia cocos","Plant_Pathogen"
1257,"Zopfia rhizophila","Plant_Pathogen"
115,"Zymoseptoria ardabiliae","Plant_Pathogen"
1182,"Zymoseptoria pseudotritici","Plant_Pathogen"
955,"Amanita muscaria","Plant_Pathogen-E_Mycorrhiza"
507,"Rhizoscyphus ericae","Plant_Pathogen-E_Mycorrhiza"
1492,"Acremonium strictum","Plant_Pathogen-Endophyte"
828,"Alternaria longipes","Plant_Pathogen-Endophyte"
1542,"Alternaria tenuissima","Plant_Pathogen-Endophyte"
518,"Boeremia exigua","Plant_Pathogen-Endophyte"
1465,"Cladosporium sphaerospermum","Plant_Pathogen-Endophyte"
17,"Colletotrichum acutatum","Plant_Pathogen-Endophyte"
547,"Colletotrichum fioriniae","Plant_Pathogen-Endophyte"
628,"Colletotrichum gloeosporioides","Plant_Pathogen-Endophyte"
1039,"Colletotrichum orbiculare","Plant_Pathogen-Endophyte"
1301,"Colletotrichum salicis","Plant_Pathogen-Endophyte"
282,"Corynespora cassiicola","Plant_Pathogen-Endophyte"
428,"Daldinia decipiens","Plant_Pathogen-Endophyte"
672,"Diaporthe helianthi","Plant_Pathogen-Endophyte"
990,"Epicoccum nigrum","Plant_Pathogen-Endophyte"
16,"Glomerella acutata","Plant_Pathogen-Endophyte"
323,"Glomerella cingulata","Plant_Pathogen-Endophyte"
571,"Hypoxylon fragiforme","Plant_Pathogen-Endophyte"
598,"Hypoxylon fuscum","Plant_Pathogen-Endophyte"
1288,"Hypoxylon rubiginosum","Plant_Pathogen-Endophyte"
446,"Kretzschmaria deusta","Plant_Pathogen-Endophyte"
1115,"Macrophomina phaseolina","Plant_Pathogen-Endophyte"
1191,"Metschnikowia pulcherrima","Plant_Pathogen-Endophyte"
1226,"Mucor racemosus","Plant_Pathogen-Endophyte"
1336,"Nemania serpens","Plant_Pathogen-Endophyte"
218,"Penicillium brevicompactum","Plant_Pathogen-Endophyte"
854,"Periconia macrospinosa","Plant_Pathogen-Endophyte"
263,"Phyllosticta capitalensis","Plant_Pathogen-Endophyte"
403,"Plectosphaerella cucumerina","Plant_Pathogen-Endophyte"
1166,"Saccharata proteae","Plant_Pathogen-Endophyte"
404,"Thanatephorus cucumeris","Plant_Pathogen-Endophyte"
796,"Thermomyces lanuginosus","Plant_Pathogen-Endophyte"
827,"Trichoderma longibrachiatum","Plant_Pathogen-Endophyte"
77,"Truncatella angustata","Plant_Pathogen-Endophyte"
402,"Xylaria cubensis","Plant_Pathogen-Endophyte"
667,"Trichoderma harzianum","Plant_Pathogen-Endophyte-Fungal_Parasite"
277,"Cladophialophora carrionii","Plant_Pathogen-Human_Pathogen"
328,"Mucor circinelloides","Plant_Pathogen-Human_Pathogen"
650,"Penicillium griseofulvum","Plant_Pathogen-Human_Pathogen"
850,"Rhinocladiella mackenziei","Plant_Pathogen-Human_Pathogen"
914,"Rhizopus microsporus","Plant_Pathogen-Human_Pathogen"
1164,"Fusarium proliferatum","Plant_Pathogen-Human_Pathogen-Endophyte"
1638,"Fusarium verticillioides","Plant_Pathogen-Human_Pathogen-Endophyte"
661,"Nectria haematococca","Plant_Pathogen-Human_Pathogen-Endophyte"
741,"Acaromyces ingoldii","Plant_Pathogen-Insect_Pathogen"
8,"Acidothrix acidophila","Saprotroph"
44,"Acremonium alcalophilum","Saprotroph"
709,"Agaricostilbum hyphaenes","Saprotroph"
182,"Agaricus bisporus","Saprotroph"
1157,"Agrocybe praecox","Saprotroph"
777,"Aliquandostipite khaoyaiensis","Saprotroph"
1559,"Amanita thiersii","Saprotroph"
814,"Amniculicola lignicola","Saprotroph"
497,"Amylocarpus encephaloides","Saprotroph"
1509,"Amylocorticium subincarnatum","Saprotroph"
208,"Annulohypoxylon bovei","Saprotroph"
939,"Annulohypoxylon moriforme","Saprotroph"
40,"Anomoloma albolutescens","Saprotroph"
773,"Anomoporia kamtschatica","Saprotroph"
1348,"Antrodia sinuosa","Saprotroph"
336,"Antrodiella citrinella","Saprotroph"
1183,"Aphanobasidium pseudotsugae","Saprotroph"
288,"Armillaria cepistipes","Saprotroph"
476,"Armillaria ectypa","Saprotroph"
961,"Armillaria nabsnona","Saprotroph"
720,"Ascobolus immersus","Saprotroph"
987,"Ascodesmis nigricans","Saprotroph"
11,"Aspergillus acristatulus","Saprotroph"
26,"Aspergillus affinis","Saprotroph"
49,"Aspergillus allahabadii","Saprotroph"
58,"Aspergillus ambiguus","Saprotroph"
66,"Aspergillus amoeneus","Saprotroph"
72,"Aspergillus amylovorus","Saprotroph"
124,"Aspergillus arxii","Saprotroph"
128,"Aspergillus assulatus","Saprotroph"
129,"Aspergillus astellatus","Saprotroph"
141,"Aspergillus aurantiobrunneus","Saprotroph"
142,"Aspergillus aureofulgens","Saprotroph"
143,"Aspergillus aureolatus","Saprotroph"
144,"Aspergillus aureoluteus","Saprotroph"
145,"Aspergillus aureoterreus","Saprotroph"
179,"Aspergillus biplanus","Saprotroph"
183,"Aspergillus bisporus","Saprotroph"
205,"Aspergillus botucatensis","Saprotroph"
220,"Aspergillus brevijanus","Saprotroph"
221,"Aspergillus brevipes","Saprotroph"
250,"Aspergillus californicus","Saprotroph"
259,"Aspergillus caninus","Saprotroph"
261,"Aspergillus capensis","Saprotroph"
275,"Aspergillus carlsbadensis","Saprotroph"
297,"Aspergillus cervinus","Saprotroph"
312,"Aspergillus chrysellus","Saprotroph"
344,"Aspergillus cleistominutus","Saprotroph"
372,"Aspergillus coreanus","Saprotroph"
390,"Aspergillus cretensis","Saprotroph"
397,"Aspergillus crustosus","Saprotroph"
411,"Aspergillus cumulatus","Saprotroph"
441,"Aspergillus dentatus","Saprotroph"
444,"Aspergillus desertorum","Saprotroph"
465,"Aspergillus dromiae","Saprotroph"
469,"Aspergillus duricaulis","Saprotroph"
480,"Aspergillus egyptiacus","Saprotroph"
527,"Aspergillus falconensis","Saprotroph"
531,"Aspergillus ferenczii","Saprotroph"
540,"Aspergillus filifera","Saprotroph"
557,"Aspergillus floccosus","Saprotroph"
559,"Aspergillus flocculosus","Saprotroph"
562,"Aspergillus floridensis","Saprotroph"
569,"Aspergillus foveolata","Saprotroph"
574,"Aspergillus frequens","Saprotroph"
578,"Aspergillus fructiculosus","Saprotroph"
587,"Aspergillus fumisynnematus","Saprotroph"
593,"Aspergillus funiculosus","Saprotroph"
602,"Aspergillus galapagensis","Saprotroph"
613,"Aspergillus germanicus","Saprotroph"
618,"Aspergillus giganteus","Saprotroph"
647,"Aspergillus granulosus","Saprotroph"
663,"Aspergillus haitiensis","Saprotroph"
685,"Aspergillus heterothallicus","Saprotroph"
716,"Aspergillus igneus","Saprotroph"
724,"Aspergillus implicatus","Saprotroph"
734,"Aspergillus indicus","Saprotroph"
748,"Aspergillus insolitus","Saprotroph"
774,"Aspergillus karnatakaensis","Saprotroph"
776,"Aspergillus keveii","Saprotroph"
832,"Aspergillus longivesica","Saprotroph"
836,"Aspergillus lucknowensis","Saprotroph"
839,"Aspergillus luppii","Saprotroph"
909,"Aspergillus microcysticus","Saprotroph"
947,"Aspergillus multicolor","Saprotroph"
950,"Aspergillus multiplicatus","Saprotroph"
952,"Aspergillus muricatus","Saprotroph"
963,"Aspergillus nakazawae","Saprotroph"
966,"Aspergillus navahoensis","Saprotroph"
972,"Aspergillus neoauricomus","Saprotroph"
973,"Aspergillus neoconicus","Saprotroph"
974,"Aspergillus neoechinulatus","Saprotroph"
975,"Aspergillus neoflavipes","Saprotroph"
977,"Aspergillus neoindicus","Saprotroph"
981,"Aspergillus neowarcupii","Saprotroph"
991,"Aspergillus nishimurae","Saprotroph"
1015,"Aspergillus nutans","Saprotroph"
1026,"Aspergillus oerlinghausenensis","Saprotroph"
1035,"Aspergillus olivicola","Saprotroph"
1053,"Aspergillus ostianus","Saprotroph"
1063,"Aspergillus paleaceus","Saprotroph"
1070,"Aspergillus papuensis","Saprotroph"
1088,"Aspergillus parvulus","Saprotroph"
1099,"Aspergillus penicilloides","Saprotroph"
1103,"Aspergillus pernambucoensis","Saprotroph"
1106,"Aspergillus persii","Saprotroph"
1111,"Aspergillus petrakii","Saprotroph"
1162,"Aspergillus primulinus","Saprotroph"
1173,"Aspergillus pseudodeflectus","Saprotroph"
1174,"Aspergillus pseudofelis","Saprotroph"
1181,"Aspergillus pseudoterreus","Saprotroph"
1184,"Aspergillus pseudoustus","Saprotroph"
1185,"Aspergillus pseudoviridinutans","Saprotroph"
1197,"Aspergillus pulvericola","Saprotroph"
1212,"Aspergillus puulaauensis","Saprotroph"
1238,"Aspergillus rambellii","Saprotroph"
1243,"Aspergillus recurvatus","Saprotroph"
1259,"Aspergillus rhizopodus","Saprotroph"
1268,"Aspergillus robustus","Saprotroph"
1279,"Aspergillus roseoglobulosus","Saprotroph"
1314,"Aspergillus sclerotiorum","Saprotroph"
1330,"Aspergillus sepultus","Saprotroph"
1337,"Aspergillus sesamicola","Saprotroph"
1338,"Aspergillus shendaweii","Saprotroph"
1339,"Aspergillus siamensis","Saprotroph"
1341,"Aspergillus silvaticus","Saprotroph"
1342,"Aspergillus similis","Saprotroph"
1461,"Aspergillus spathulatus","Saprotroph"
1462,"Aspergillus spectabilis","Saprotroph"
1478,"Aspergillus stella-maris","Saprotroph"
1483,"Aspergillus stercoraria","Saprotroph"
1505,"Aspergillus subauricomus","Saprotroph"
1511,"Aspergillus sublatus","Saprotroph"
1515,"Aspergillus subramanianii","Saprotroph"
1522,"Aspergillus sulphureus","Saprotroph"
1535,"Aspergillus tanneri","Saprotroph"
1539,"Aspergillus templicola","Saprotroph"
1540,"Aspergillus tennesseensis","Saprotroph"
1551,"Aspergillus tetrazonus","Saprotroph"
1558,"Aspergillus thesauricus","Saprotroph"
1577,"Aspergillus transcarpathicus","Saprotroph"
1583,"Aspergillus trinidadensis","Saprotroph"
1592,"Aspergillus tsurutae","Saprotroph"
1597,"Aspergillus turcosus","Saprotroph"
1605,"Aspergillus undulatus","Saprotroph"
1619,"Aspergillus varians","Saprotroph"
1626,"Aspergillus venezuelensis","Saprotroph"
1671,"Aspergillus waksmanii","Saprotroph"
1680,"Aspergillus westlandensis","Saprotroph"
1512,"Astrocystis sublimbata","Saprotroph"
671,"Aulographum hederae","Saprotroph"
1507,"Auricularia subglabra","Saprotroph"
69,"Auriculariopsis ampla","Saprotroph"
1664,"Auriscalpium vulgare","Saprotroph"
326,"Backusella circina","Saprotroph"
1606,"Basidioascus undulatus","Saprotroph"
359,"Baudoinia compniacensis","Saprotroph"
1139,"Benjaminiella poitrasii","Saprotroph"
20,"Blastobotrys adeninivorans","Saprotroph"
227,"Blastocladiella britannica","Saprotroph"
673,"Blyttiomyces helicus","Saprotroph"
1659,"Bolbitius vitellinus","Saprotroph"
190,"Bombardia bombarda","Saprotroph"
1229,"Boreostereum radiatum","Saprotroph"
204,"Botryobasidium botryosum","Saprotroph"
374,"Calocera cornea","Saprotroph"
1657,"Calocera viscosa","Saprotroph"
580,"Caloscypha fulgens","Saprotroph"
873,"Calycina marina","Saprotroph"
1564,"Camillea tinctor","Saprotroph"
284,"Cercophora caudata","Saprotroph"
983,"Cercophora newfieldiana","Saprotroph"
1317,"Cercophora scortea","Saprotroph"
289,"Cerinomyces ceraceus","Saprotroph"
398,"Cerinomyces crustulinus","Saprotroph"
1654,"Ceriporia viridans","Saprotroph"
544,"Chaetomidium fimeti","Saprotroph"
1556,"Chaetomium thermophilum","Saprotroph"
742,"Chaetosphaeria innumera","Saprotroph"
829,"Chalara longipes","Saprotroph"
790,"Chytridium lagenaria","Saprotroph"
704,"Chytriomyces hyalinus","Saprotroph"
1601,"Circinella umbellata","Saprotroph"
1148,"Cladochytrium polystomum","Saprotroph"
1250,"Cladochytrium replicatum","Saprotroph"
1171,"Cladophialophora psammophila","Saprotroph"
493,"Clathrospora elynae","Saprotroph"
103,"Clavariopsis aquatica","Saprotroph"
1215,"Clavicorona pyxidata","Saprotroph"
614,"Clitocybe gibba","Saprotroph"
105,"Clohesyomyces aquaticus","Saprotroph"
931,"Coemansia mojavensis","Saprotroph"
1255,"Coemansia reversa","Saprotroph"
1470,"Coemansia spiralis","Saprotroph"
842,"Coniella lustricola","Saprotroph"
1032,"Coniophora olivacea","Saprotroph"
1211,"Coniophora puteana","Saprotroph"
99,"Coniosporium apollinis","Saprotroph"
93,"Conocybe apala","Saprotroph"
76,"Coprinellus angulatus","Saprotroph"
907,"Coprinellus micaceus","Saprotroph"
1097,"Coprinellus pellucidus","Saprotroph"
322,"Coprinopsis cinerea","Saprotroph"
870,"Coprinopsis marcescibilis","Saprotroph"
1311,"Coprinopsis sclerotiger","Saprotroph"
590,"Crassisporium funariophilum","Saprotroph"
299,"Crepidotus cesatii","Saprotroph"
1616,"Crepidotus variabilis","Saprotroph"
789,"Crucibulum laeve","Saprotroph"
466,"Crustoderma dryinum","Saprotroph"
1548,"Cryptococcus terricola","Saprotroph"
475,"Cunninghamella echinulata","Saprotroph"
1491,"Cyathus striatus","Saprotroph"
1572,"Cylindrobasidium torrendii","Saprotroph"
953,"Cystostereum murrayi","Saprotroph"
530,"Dacrymyces fennicus","Saprotroph"
1573,"Dacrymyces tortus","Saprotroph"
1294,"Dacryonaema rufum","Saprotroph"
1160,"Dacryopinax primogenitus","Saprotroph"
1219,"Daedalea quercina","Saprotroph"
645,"Daldinia grandis","Saprotroph"
1632,"Daldinia vernicosa","Saprotroph"
665,"Debaryomyces hansenii","Saprotroph"
611,"Decorospora gaudefroyi","Saprotroph"
239,"Dekkera bruxellensis","Saprotroph"
360,"Delitschia confertaspora","Saprotroph"
1474,"Dichomitus squalens","Saprotroph"
485,"Dichotomocladium elegans","Saprotroph"
1266,"Dichotomocladium robustum","Saprotroph"
874,"Digitatispora marina","Saprotroph"
400,"Dioszegia cryoxerica","Saprotroph"
1627,"Disciotis venosa","Saprotroph"
430,"Dissophora decumbens","Saprotroph"
1044,"Dissophora ornata","Saprotroph"
1308,"Earliella scabrosa","Saprotroph"
1565,"Echinodontium tinctorium","Saprotroph"
83,"Ellisomyces anomalus","Saprotroph"
668,"Erythrobasidium hasegawianum","Saprotroph"
621,"Exidia glandulosa","Saprotroph"
1098,"Fellomyces penicillatus","Saprotroph"
819,"Fennellomyces linderi","Saprotroph"
1234,"Fibroporia radiculosa","Saprotroph"
728,"Fibulobasidium inconspicuum","Saprotroph"
1186,"Fibulorhizoctonia psychrophila","Saprotroph"
564,"Filobasidium floriforme","Saprotroph"
767,"Fimicolochytrium jonesii","Saprotroph"
556,"Flavodon flavus","Saprotroph"
168,"Fomitopsis betulina","Saprotroph"
1276,"Fomitopsis rosea","Saprotroph"
872,"Galerina marginata","Saprotroph"
729,"Galzinia incrustans","Saprotroph"
1584,"Geastrum triplex","Saprotroph"
1549,"Gelasinospora tetrasperma","Saprotroph"
1617,"Geranomyces variabilis","Saprotroph"
1140,"Globomyces pollinis-pini","Saprotroph"
368,"Gloeopeniophorella convolvens","Saprotroph"
1575,"Gloeophyllum trabeum","Saprotroph"
1479,"Glonium stellatum","Saprotroph"
1163,"Gonapodya prolifera","Saprotroph"
670,"Gorgonomyces haynaldii","Saprotroph"
335,"Gymnascella citrina","Saprotroph"
316,"Gymnopilus chrysopellus","Saprotroph"
770,"Gymnopilus junonius","Saprotroph"
73,"Gymnopus androsaceus","Saprotroph"
470,"Gymnopus earleae","Saprotroph"
846,"Gymnopus luxurians","Saprotroph"
512,"Gyromitra esculenta","Saprotroph"
739,"Gyromitra infula","Saprotroph"
1231,"Halteromyces radiatus","Saprotroph"
971,"Hanseniaspora nectarophila","Saprotroph"
1615,"Hanseniaspora valbyensis","Saprotroph"
1193,"Helicostylum pulchrum","Saprotroph"
1521,"Heliocybe sulcata","Saprotroph"
1639,"Hesseltinella vesiculosa","Saprotroph"
995,"Hexagonia nitida","Saprotroph"
186,"Hyalopycnis blepharistoma","Saprotroph"
415,"Hyaloraphidium curvatum","Saprotroph"
1122,"Hydnomerulius pinastri","Saprotroph"
139,"Hygrophoropsis aurantiaca","Saprotroph"
1233,"Hymenopellis radicata","Saprotroph"
1510,"Hypholoma sublateritium","Saprotroph"
241,"Hyphopichia burtonii","Saprotroph"
119,"Hypoxylon argillaceum","Saprotroph"
291,"Hypoxylon cercidicola","Saprotroph"
396,"Hypoxylon crocopeplum","Saprotroph"
1514,"Hypoxylon submonticulosum","Saprotroph"
1589,"Hypoxylon trugodes","Saprotroph"
1194,"Hysterium pulicare","Saprotroph"
1042,"Issatchenkia orientalis","Saprotroph"
117,"Jaapia argillacea","Saprotroph"
104,"Jahnula aquatica","Saprotroph"
1260,"Karstenula rhodostoma","Saprotroph"
34,"Kickxella alabastrina","Saprotroph"
787,"Kluyveromyces lactis","Saprotroph"
118,"Kurtia argillacea","Saprotroph"
1123,"Kwoniella pini","Saprotroph"
1517,"Lachnellula subtilissima","Saprotroph"
919,"Lasiosphaeria miniovina","Saprotroph"
1056,"Lasiosphaeria ovina","Saprotroph"
690,"Lasiosphaeris hirsuta","Saprotroph"
696,"Lasiosphaeris hispida","Saprotroph"
786,"Leiotrametes lactinea","Saprotroph"
898,"Leiotrametes menziesii","Saprotroph"
1402,"Leiotrametes sp","Saprotroph"
1670,"Lentinellus vulpinus","Saprotroph"
7,"Lentinula aciculospora","Saprotroph"
203,"Lentinula boryana","Saprotroph"
477,"Lentinula edodes","Saprotroph"
801,"Lentinula lateritia","Saprotroph"
1005,"Lentinula novae-zelandiae","Saprotroph"
1241,"Lentinula raphanica","Saprotroph"
1563,"Lentinus tigrinus","Saprotroph"
567,"Lentithecium fluviatile","Saprotroph"
1067,"Lepidopterella palustris","Saprotroph"
1013,"Lepista nuda","Saprotroph"
933,"Leptoporus mollis","Saprotroph"
294,"Leratiomyces ceres","Saprotroph"
510,"Leratiomyces erythrocephalus","Saprotroph"
934,"Leucogyrophana mollusca","Saprotroph"
387,"Leucosporidiella creatinivora","Saprotroph"
1100,"Linderina pennispora","Saprotroph"
1552,"Lindra thalassiae","Saprotroph"
1476,"Lipomyces starkeyi","Saprotroph"
924,"Lollipopaia minuta","Saprotroph"
858,"Lophiostoma macrostomum","Saprotroph"
993,"Lophodermium nitens","Saprotroph"
769,"Loramyces juncicola","Saprotroph"
857,"Loramyces macrosporus","Saprotroph"
1324,"Lunasporangiospora selenospora","Saprotroph"
1102,"Lycoperdon perlatum","Saprotroph"
85,"Macroventuria anomochaeta","Saprotroph"
535,"Marasmius fiardii","Saprotroph"
1187,"Martensiomyces pterosporus","Saprotroph"
1198,"Melanomma pulvis-pyrius","Saprotroph"
473,"Meredithblackwellia eburnea","Saprotroph"
652,"Metschnikowia gruessii","Saprotroph"
1240,"Metschnikowia rancensis","Saprotroph"
1582,"Microascus trigonosporus","Saprotroph"
55,"Mortierella alpina","Saprotroph"
57,"Mortierella ambigua","Saprotroph"
264,"Mortierella capitata","Saprotroph"
607,"Mortierella gamsii","Saprotroph"
703,"Mortierella humilis","Saprotroph"
926,"Mortierella minutissima","Saprotroph"
948,"Mortierella multidivaricata","Saprotroph"
1637,"Mortierella verticillata","Saprotroph"
1684,"Mortierella wolfii","Saprotroph"
575,"Mrakia frigida","Saprotroph"
599,"Mucor fuscus","Saprotroph"
681,"Mucor heterogamus","Saprotroph"
793,"Mucor lanceolatus","Saprotroph"
841,"Mucor lusitanicus","Saprotroph"
684,"Myceliophthora heterothallica","Saprotroph"
1343,"Myceliophthora similis","Saprotroph"
38,"Mycena albidolilacea","Saprotroph"
46,"Mycena alexandri","Saprotroph"
64,"Mycena amicta","Saprotroph"
161,"Mycena belliae","Saprotroph"
262,"Mycena capillaripes","Saprotroph"
394,"Mycena crocata","Saprotroph"
503,"Mycena epipterygia","Saprotroph"
541,"Mycena filopes","Saprotroph"
563,"Mycena floridula","Saprotroph"
603,"Mycena galericulata","Saprotroph"
606,"Mycena galopus","Saprotroph"
662,"Mycena haematopus","Saprotroph"
802,"Mycena latifolia","Saprotroph"
810,"Mycena leptocephala","Saprotroph"
860,"Mycena maculata","Saprotroph"
903,"Mycena metata","Saprotroph"
1033,"Mycena olivaceomarginata","Saprotroph"
1142,"Mycena polygramma","Saprotroph"
1206,"Mycena pura","Saprotroph"
1242,"Mycena rebaudengoi","Saprotroph"
1278,"Mycena rosella","Saprotroph"
1305,"Mycena sanguinolenta","Saprotroph"
1661,"Mycena vitilis","Saprotroph"
1666,"Mycena vulgaris","Saprotroph"
29,"Mycotypha africana","Saprotroph"
730,"Mycotypha indica","Saprotroph"
755,"Myrothecium inundatum","Saprotroph"
889,"Myxozyma melibiosi","Saprotroph"
1658,"Naganishia vishniacii","Saprotroph"
565,"Naiadella fluitans","Saprotroph"
808,"Neolentinus lepideus","Saprotroph"
455,"Neurospora discreta","Saprotroph"
694,"Neurospora hispaniola","Saprotroph"
1644,"Nia vibrissa","Saprotroph"
520,"Niesslia exilis","Saprotroph"
1076,"Ogataea parapolymorpha","Saprotroph"
1143,"Ogataea polymorpha","Saprotroph"
1309,"Onnia scaura","Saprotroph"
942,"Oudemansiella mucida","Saprotroph"
1536,"Pachysolen tannophilus","Saprotroph"
1069,"Panaeolus papilionaceus","Saprotroph"
1489,"Panellus stipticus","Saprotroph"
1291,"Panus rudis","Saprotroph"
804,"Papiliotrema laurentii","Saprotroph"
131,"Patellaria atrata","Saprotroph"
130,"Penicillium atramentosum","Saprotroph"
1001,"Penicillium nordicum","Saprotroph"
1516,"Penicillium subrubescens","Saprotroph"
1525,"Penicillium swiecickii","Saprotroph"
474,"Peziza echinospora","Saprotroph"
276,"Phanerochaete carnosa","Saprotroph"
121,"Phascolomyces articulosus","Saprotroph"
534,"Phellinus ferrugineofuscus","Saprotroph"
1660,"Phellinus viticola","Saprotroph"
989,"Phellopilus nigrolimitatus","Saprotroph"
287,"Phlebia centrifuga","Saprotroph"
1227,"Phlebia radiata","Saprotroph"
1506,"Phlebia subcretacea","Saprotroph"
617,"Phlebiopsis gigantea","Saprotroph"
525,"Phleogena faginea","Saprotroph"
53,"Pholiota alnicola","Saprotroph"
365,"Pholiota conissans","Saprotroph"
932,"Pholiota molesta","Saprotroph"
184,"Phycomyces blakesleeanus","Saprotroph"
994,"Phycomyces nitens","Saprotroph"
1092,"Pichia pastoris","Saprotroph"
81,"Pilaira anomala","Saprotroph"
1603,"Pilobolus umbonatus","Saprotroph"
1349,"Pleomassaria siparia","Saprotroph"
509,"Pleurotus eryngii","Saprotroph"
391,"Plicaturopsis crispa","Saprotroph"
298,"Pluteus cervinus","Saprotroph"
768,"Podosordaria jugoyasan","Saprotroph"
86,"Podospora anserina","Saprotroph"
100,"Podospora appendiculata","Saprotroph"
417,"Podospora curvicolla","Saprotroph"
448,"Podospora didyma","Saprotroph"
30,"Polychytrium aggregatum","Saprotroph"
114,"Polyporus arcularius","Saprotroph"
232,"Polyporus brumalis","Saprotroph"
713,"Polytolypa hystricis","Saprotroph"
985,"Porodaedalea niemelaei","Saprotroph"
1199,"Poronia punctata","Saprotroph"
943,"Porpomyces mucidus","Saprotroph"
1130,"Postia placenta","Saprotroph"
1488,"Postia stiptica","Saprotroph"
401,"Psilocybe cubensis","Saprotroph"
1331,"Psilocybe serbica","Saprotroph"
1495,"Punctularia strigosozonata","Saprotroph"
581,"Pycnoporellus fulgens","Saprotroph"
325,"Pycnoporus cinnabarinus","Saprotroph"
347,"Pycnoporus coccineus","Saprotroph"
1205,"Pycnoporus puniceus","Saprotroph"
1304,"Pycnoporus sanguineus","Saprotroph"
738,"Pyrenochaeta inflorescentiae","Saprotroph"
361,"Pyronema confluens","Saprotroph"
463,"Pyronema domesticum","Saprotroph"
226,"Ramicandelaber brevisporus","Saprotroph"
1591,"Rhizopogon truncatus","Saprotroph"
1280,"Rhodofomes roseus","Saprotroph"
453,"Rhodosporidium diobovatum","Saprotroph"
630,"Rhodosporidium glutinis","Saprotroph"
1574,"Rhodosporidium toruloides","Saprotroph"
1273,"Roridomyces roridus","Saprotroph"
295,"Saccharomyces cerevisiae","Saprotroph"
358,"Saitoella complicata","Saprotroph"
346,"Sarcoscypha coccinea","Saprotroph"
350,"Scheffersomyces coipomoensis","Saprotroph"
719,"Scheffersomyces illinoisensis","Saprotroph"
1218,"Scheffersomyces queiroziae","Saprotroph"
1653,"Scheffersomyces virginianus","Saprotroph"
1072,"Schizopora paradoxa","Saprotroph"
765,"Schizosaccharomyces japonicus","Saprotroph"
1150,"Schizosaccharomyces pombe","Saprotroph"
1642,"Schizothecium vesticola","Saprotroph"
688,"Serpula himantioides","Saprotroph"
201,"Serpulomyces borealis","Saprotroph"
1668,"Sidera vulgaris","Saprotroph"
1335,"Sistotrema sernanderi","Saprotroph"
997,"Sistotremastrum niveocremeum","Saprotroph"
1519,"Sistotremastrum suecicum","Saprotroph"
48,"Sodiomyces alkalinus","Saprotroph"
217,"Sordaria brevicollis","Saprotroph"
856,"Sordaria macrospora","Saprotroph"
108,"Spathaspora arborariae","Saprotroph"
1090,"Spathaspora passalidarum","Saprotroph"
1520,"Spathaspora suhii","Saprotroph"
1480,"Sphaerobolus stellatus","Saprotroph"
1200,"Spizellomyces punctatus","Saprotroph"
636,"Sporobolomyces gracilis","Saprotroph"
1281,"Sporobolomyces roseus","Saprotroph"
543,"Sporormia fimetaria","Saprotroph"
649,"Stanjemonium grisellum","Saprotroph"
167,"Stomiopeltis betulae","Saprotroph"
134,"Talaromyces atroroseus","Saprotroph"
196,"Talaromyces borbonicus","Saprotroph"
1486,"Talaromyces stipitatus","Saprotroph"
488,"Thamnidium elegans","Saprotroph"
1484,"Thelebolus stercoreus","Saprotroph"
140,"Thermoascus aurantiacus","Saprotroph"
88,"Thielavia antarctica","Saprotroph"
101,"Thielavia appendiculata","Saprotroph"
116,"Thielavia arenaria","Saprotroph"
711,"Thielavia hyrcaniae","Saprotroph"
1228,"Torpedospora radiata","Saprotroph"
281,"Tortispora caseinolytica","Saprotroph"
596,"Tothia fuscella","Saprotroph"
169,"Trametes betulina","Saprotroph"
324,"Trametes cingulata","Saprotroph"
615,"Trametes gibbosa","Saprotroph"
823,"Trametes ljubarskyi","Saprotroph"
1149,"Trametes polyzona","Saprotroph"
1188,"Trametes pubescens","Saprotroph"
296,"Trametopsis cervina","Saprotroph"
1107,"Trematosphaeria pertusa","Saprotroph"
3,"Trichaptum abietinum","Saprotroph"
1158,"Tricharina praecox","Saprotroph"
1073,"Trichocoma paradoxa","Saprotroph"
181,"Trichodelitschia bisporula","Saprotroph"
133,"Trichoderma atrobrunneum","Saprotroph"
1246,"Trichoderma reesei","Saprotroph"
1027,"Trichosporon oleaginosus","Saprotroph"
75,"Umbelopsis angularis","Saprotroph"
759,"Umbelopsis isabellina","Saprotroph"
1237,"Umbelopsis ramanniana","Saprotroph"
805,"Valetoniellopsis laxa","Saprotroph"
921,"Vararia minispora","Saprotroph"
2,"Veluticeps abietina","Saprotroph"
353,"Vuilleminia comedens","Saprotroph"
715,"Wallemia ichthyophaga","Saprotroph"
1595,"Xenasmatella tulasnelloidea","Saprotroph"
15,"Xylaria acuta","Saprotroph"
450,"Xylaria digitata","Saprotroph"
550,"Xylaria flabelliformis","Saprotroph"
821,"Yarrowia lipolytica","Saprotroph"
286,"Zasmidium cellare","Saprotroph"
1283,"Zygosaccharomyces rouxii","Saprotroph"
1385,"Endogone sp","Saprotroph-E_Mycorrhiza"
270,"Geopyxis carbonaria","Saprotroph-E_Mycorrhiza"
420,"Hebeloma cylindrosporum","Saprotroph-E_Mycorrhiza"
582,"Macrolepiota fuliginosa","Saprotroph-E_Mycorrhiza"
78,"Morchella angusticeps","Saprotroph-E_Mycorrhiza"
112,"Morchella arbutiphila","Saprotroph-E_Mycorrhiza"
234,"Morchella brunnea","Saprotroph-E_Mycorrhiza"
436,"Morchella deliciosa","Saprotroph-E_Mycorrhiza"
452,"Morchella diminutiva","Saprotroph-E_Mycorrhiza"
456,"Morchella disparilis","Saprotroph-E_Mycorrhiza"
501,"Morchella eohespera","Saprotroph-E_Mycorrhiza"
566,"Morchella fluvialis","Saprotroph-E_Mycorrhiza"
695,"Morchella hispaniolensis","Saprotroph-E_Mycorrhiza"
725,"Morchella importuna","Saprotroph-E_Mycorrhiza"
772,"Morchella kakiicolor","Saprotroph-E_Mycorrhiza"
1062,"Morchella palazonii","Saprotroph-E_Mycorrhiza"
1109,"Morchella peruviana","Saprotroph-E_Mycorrhiza"
1159,"Morchella prava","Saprotroph-E_Mycorrhiza"
1190,"Morchella pulchella","Saprotroph-E_Mycorrhiza"
1201,"Morchella punctipes","Saprotroph-E_Mycorrhiza"
1327,"Morchella semilibera","Saprotroph-E_Mycorrhiza"
1350,"Morchella snyderi","Saprotroph-E_Mycorrhiza"
1482,"Morchella steppicola","Saprotroph-E_Mycorrhiza"
1665,"Morchella vulgaris","Saprotroph-E_Mycorrhiza"
243,"Rhodocollybia butyracea","Saprotroph-E_Mycorrhiza"
911,"Rigidoporus microporus","Saprotroph-E_Mycorrhiza"
881,"Tricholoma matsutake","Saprotroph-E_Mycorrhiza"
340,"Aspergillus clavatonanicus","Saprotroph-Endophyte"
484,"Aspergillus elegans","Saprotroph-Endophyte"
718,"Aspergillus iizukae","Saprotroph-Endophyte"
928,"Aspergillus miraensis","Saprotroph-Endophyte"
875,"Corollospora maritima","Saprotroph-Endophyte"
851,"Dactylonectria macrodidyma","Saprotroph-Endophyte"
511,"Daldinia eschscholtzii","Saprotroph-Endophyte"
1682,"Filobasidium wieringae","Saprotroph-Endophyte"
1625,"Fusarium venenatum","Saprotroph-Endophyte"
242,"Gongronella butleri","Saprotroph-Endophyte"
491,"Mortierella elongata","Saprotroph-Endophyte"
915,"Thelebolus microsporus","Saprotroph-Endophyte"
1609,"Unilacryma unispora","Saprotroph-Endophyte"
710,"Xylaria hypoxylon","Saprotroph-Endophyte"
172,"Meliniomyces bicolor","Saprotroph-Endophyte-E_Mycorrhiza"
487,"Stachybotrys elegans","Saprotroph-Endophyte-Fungal_Parasite"
216,"Chaetocladium brefeldii","Saprotroph-Fungal_Parasite"
1325,"Gaertneriomyces semiglobifer","Saprotroph-Fungal_Parasite"
1085,"Lentamyces parricidus","Saprotroph-Fungal_Parasite"
1693,"Lentamyces zychae","Saprotroph-Fungal_Parasite"
33,"Aspergillus alabamensis","Saprotroph-Human_Pathogen"
586,"Aspergillus fumigatus","Saprotroph-Human_Pathogen"
781,"Aspergillus laciniosus","Saprotroph-Human_Pathogen"
1469,"Aspergillus spinosus","Saprotroph-Human_Pathogen"
1554,"Aspergillus thermomutatus","Saprotroph-Human_Pathogen"
1587,"Aspergillus triticus","Saprotroph-Human_Pathogen"
1607,"Aspergillus unguis","Saprotroph-Human_Pathogen"
1655,"Aspergillus viridinutans","Saprotroph-Human_Pathogen"
1679,"Aspergillus westerdijkiae","Saprotroph-Human_Pathogen"
442,"Blastomyces dermatitidis","Saprotroph-Human_Pathogen"
1077,"Candida parapsilosis","Saprotroph-Human_Pathogen"
240,"Cladorrhinum bulbillosum","Saprotroph-Human_Pathogen"
721,"Coccidioides immitis","Saprotroph-Human_Pathogen"
1156,"Coccidioides posadasii","Saprotroph-Human_Pathogen"
927,"Cystobasidium minutum","Saprotroph-Human_Pathogen"
443,"Exophiala dermatitidis","Saprotroph-Human_Pathogen"
138,"Gymnascella aurantiaca","Saprotroph-Human_Pathogen"
269,"Histoplasma capsulatum","Saprotroph-Human_Pathogen"
380,"Lichtheimia corymbifera","Saprotroph-Human_Pathogen"
1310,"Sporothrix schenckii","Saprotroph-Human_Pathogen"
337,"Trichoderma citrinoviride","Saprotroph-Human_Pathogen"
892,"Wallemia mellicola","Saprotroph-Human_Pathogen"
1588,"Candida tropicalis","Saprotroph-Human_Pathogen-Endophyte"
356,"Schizophyllum commune","Saprotroph-Human_Pathogen-Endophyte"
378,"Conidiobolus coronatus","Saprotroph-Insect_Pathogen"
1487,"Scheffersomyces stipitis","Saprotroph-Insect_Symbiont"
570,"Alternaria fragaria","Saprotroph-Plant_Pathogen"
936,"Apiospora montagnei","Saprotroph-Plant_Pathogen"
198,"Armillaria borealis","Saprotroph-Plant_Pathogen"
604,"Armillaria gallica","Saprotroph-Plant_Pathogen"
843,"Armillaria luteobubalina","Saprotroph-Plant_Pathogen"
890,"Armillaria mellea","Saprotroph-Plant_Pathogen"
1054,"Armillaria ostoyae","Saprotroph-Plant_Pathogen"
1354,"Armillaria solidipes","Saprotroph-Plant_Pathogen"
984,"Aspergillus nidulans","Saprotroph-Plant_Pathogen"
986,"Aspergillus niger","Saprotroph-Plant_Pathogen"
1014,"Biscogniauxia nummularia","Saprotroph-Plant_Pathogen"
1585,"Blakeslea trispora","Saprotroph-Plant_Pathogen"
746,"Bulgaria inquinans","Saprotroph-Plant_Pathogen"
199,"Climacocystis borealis","Saprotroph-Plant_Pathogen"
885,"Fomitiporia mediterranea","Saprotroph-Plant_Pathogen"
1124,"Fomitopsis pinicola","Saprotroph-Plant_Pathogen"
1245,"Fusarium redolens","Saprotroph-Plant_Pathogen"
576,"Grifola frondosa","Saprotroph-Plant_Pathogen"
970,"Guyanagaster necrorhizus","Saprotroph-Plant_Pathogen"
784,"Irpex lacteus","Saprotroph-Plant_Pathogen"
1523,"Laetiporus sulphureus","Saprotroph-Plant_Pathogen"
1524,"Meripilus sumstinei","Saprotroph-Plant_Pathogen"
1052,"Mixia osmundae","Saprotroph-Plant_Pathogen"
941,"Mucor mucedo","Saprotroph-Plant_Pathogen"
177,"Penicillium bilaiae","Saprotroph-Plant_Pathogen"
528,"Penicillium fellutanum","Saprotroph-Plant_Pathogen"
795,"Penicillium lanosocoeruleum","Saprotroph-Plant_Pathogen"
1501,"Perenniporia subacida","Saprotroph-Plant_Pathogen"
318,"Phanerochaete chrysosporium","Saprotroph-Plant_Pathogen"
1475,"Polyporus squamosus","Saprotroph-Plant_Pathogen"
691,"Stereum hirsutum","Saprotroph-Plant_Pathogen"
1636,"Trametes versicolor","Saprotroph-Plant_Pathogen"
625,"Chaetomium globosum","Saprotroph-Plant_Pathogen-Endophyte"
1275,"Clonostachys rosea","Saprotroph-Plant_Pathogen-Endophyte"
837,"Cochliobolus lunatus","Saprotroph-Plant_Pathogen-Endophyte"
513,"Dactylonectria estremocensis","Saprotroph-Plant_Pathogen-Endophyte"
1049,"Khuskia oryzae","Saprotroph-Plant_Pathogen-Endophyte"
386,"Neurospora crassa","Saprotroph-Plant_Pathogen-Endophyte"
763,"Penicillium janthinellum","Saprotroph-Plant_Pathogen-Endophyte"
1055,"Pleurotus ostreatus","Saprotroph-Plant_Pathogen-Endophyte"
664,"Trichoderma hamatum","Saprotroph-Plant_Pathogen-Endophyte"
555,"Aspergillus flavus","Saprotroph-Plant_Pathogen-Human_Pathogen"
764,"Aspergillus japonicus","Saprotroph-Plant_Pathogen-Human_Pathogen"
1547,"Aspergillus terreus","Saprotroph-Plant_Pathogen-Human_Pathogen"
304,"Stachybotrys chartarum","Saprotroph-Plant_Pathogen-Human_Pathogen"
56,"Alternaria alternata","Saprotroph-Plant_Pathogen-Human_Pathogen-Endophyte"
1593,"Aspergillus tubingensis","Saprotroph-Plant_Pathogen-Human_Pathogen-Endophyte"
1195,"Aureobasidium pullulans","Saprotroph-Plant_Pathogen-Human_Pathogen-Endophyte"
1058,"Fusarium oxysporum","Saprotroph-Plant_Pathogen-Human_Pathogen-Endophyte"
1352,"Fusarium solani","Saprotroph-Plant_Pathogen-Human_Pathogen-Endophyte"
445,"Pseudogymnoascus destructans","warm_vertebrate_pathogen"
1267,"Anaeromyces robustus","warm_vertebrate_symbiont"
319,"Caecomyces churrovis","warm_vertebrate_symbiont"
249,"Neocallimastix californiae","warm_vertebrate_symbiont"
792,"Neocallimastix lanati","warm_vertebrate_symbiont"
546,"Piromyces finnis","warm_vertebrate_symbiont"
